{
  "train_losses": [
    0.008007558138892356,
    0.00018213527183513658,
    0.00016852412042314997,
    0.00020140075149712306,
    0.00015246190489436964,
    0.00014929947890172227,
    0.00015269682940096727,
    0.00015376945895551668,
    0.00015285846984433447,
    0.00015432668164452117,
    0.00015086119255739512,
    0.00014591604589922531,
    0.0001486481038336146,
    0.00014842630294819743,
    0.00014370865609045027,
    0.00014454577136841288,
    0.00014209685901057912,
    0.00014160896678179803,
    0.00014274275200651886
  ],
  "val_losses": [
    0.000302370453458647,
    0.00021555344890083163,
    0.0016385740447348279,
    0.0001780636564370453,
    0.00017802284535144665,
    0.00019465920176069056,
    0.0001779981992896003,
    0.00017993667705396596,
    0.00029437989417745386,
    0.00017785191290673347,
    0.00018159348464426953,
    0.00023796219523463056,
    0.00020274215450243852,
    0.00017934126222634835,
    0.00018576622958215396,
    0.0001810023801992525,
    0.00017784733240420648,
    0.00017855341435566325,
    0.0001778507825484236
  ],
  "epochs_trained": 19,
  "best_val_loss": 0.00017784733240420648
}